objectBeginDate,objectEndDate,title,primaryImage,primaryImageSmall
-1919,-1885,Guardian Figure,https://images.metmuseum.org/CRDImages/eg/original/DP330260.jpg,https://images.metmuseum.org/CRDImages/eg/web-large/DP330260.jpg
-1814,-1805,Game of Hounds and Jackals,https://images.metmuseum.org/CRDImages/eg/original/DP263833.jpg,https://images.metmuseum.org/CRDImages/eg/web-large/DP263833.jpg
-1492,-1473,Hatnefer's Chair,https://images.metmuseum.org/CRDImages/eg/original/DT2908.jpg,https://images.metmuseum.org/CRDImages/eg/web-large/DT2908.jpg
-2458,-2458,King Sahure Accompanied by a Divine Figure,https://images.metmuseum.org/CRDImages/eg/original/DP-1691-03.jpg,https://images.metmuseum.org/CRDImages/eg/web-large/DP-1691-03.jpg
-2551,-2551,Archers,https://images.metmuseum.org/CRDImages/eg/original/DT259178.jpg,https://images.metmuseum.org/CRDImages/eg/web-large/DT259178.jpg
-2520,-2520,Fragmentary Face of King Khafre,https://images.metmuseum.org/CRDImages/eg/original/DT11751.jpg,https://images.metmuseum.org/CRDImages/eg/web-large/DT11751.jpg
-2323,-2291,Sistrum Inscribed with the Names of King Teti,https://images.metmuseum.org/CRDImages/eg/original/DT259185.jpg,https://images.metmuseum.org/CRDImages/eg/web-large/DT259185.jpg
-2575,-2575,The King's Acquaintances Memi and Sabu,https://images.metmuseum.org/CRDImages/eg/original/DT8836.jpg,https://images.metmuseum.org/CRDImages/eg/web-large/DT8836.jpg
-2420,-2420,Nikare with his Wife and Daughter,https://images.metmuseum.org/CRDImages/eg/original/DT242488.jpg,https://images.metmuseum.org/CRDImages/eg/web-large/DT242488.jpg
-2575,-2575,Striding Figure,https://images.metmuseum.org/CRDImages/eg/original/DT206639.jpg,https://images.metmuseum.org/CRDImages/eg/web-large/DT206639.jpg
-2465,-2389,West wall of the chapel of Nikauhor and Sekhemhathor,https://images.metmuseum.org/CRDImages/eg/original/08.201.2a-g_EGDP015503-EGDP015504.jpg,https://images.metmuseum.org/CRDImages/eg/web-large/08.201.2a-g_EGDP015503-EGDP015504.jpg
-2490,-2490,Seated Statue of King Menkaure,https://images.metmuseum.org/CRDImages/eg/original/DP109397.jpg,https://images.metmuseum.org/CRDImages/eg/web-large/DP109397.jpg
-2381,-2323,Mastaba Tomb of Perneb,https://images.metmuseum.org/CRDImages/eg/original/DP108489.jpg,https://images.metmuseum.org/CRDImages/eg/web-large/DP108489.jpg
-2051,-2051,Statue of Nebhepetre Mentuhotep II in the Jubilee Garment,https://images.metmuseum.org/CRDImages/eg/original/DP302395.jpg,https://images.metmuseum.org/CRDImages/eg/web-large/DP302395.jpg
-1990,-1990,Cosmetic Vessel in the Shape of a Cat,https://images.metmuseum.org/CRDImages/eg/original/DT532.jpg,https://images.metmuseum.org/CRDImages/eg/web-large/DT532.jpg
-1353,-1336,Akhenaten Sacrificing a Duck,https://images.metmuseum.org/CRDImages/eg/original/DT545.jpg,https://images.metmuseum.org/CRDImages/eg/web-large/DT545.jpg
-1353,-1353,Two Princesses,https://images.metmuseum.org/CRDImages/eg/original/DT8191.jpg,https://images.metmuseum.org/CRDImages/eg/web-large/DT8191.jpg
-1353,-1353,Attendants in a Procession,https://images.metmuseum.org/CRDImages/eg/original/DT8198.jpg,https://images.metmuseum.org/CRDImages/eg/web-large/DT8198.jpg
-1353,-1353,Horses Harnessed to a Chariot,https://images.metmuseum.org/CRDImages/eg/original/DT8203.jpg,https://images.metmuseum.org/CRDImages/eg/web-large/DT8203.jpg
-1353,-1353,Desert Scene with Antelope,https://images.metmuseum.org/CRDImages/eg/original/DT8207.jpg,https://images.metmuseum.org/CRDImages/eg/web-large/DT8207.jpg
-1353,-1353,Grapevine,https://images.metmuseum.org/CRDImages/eg/original/DT8209.jpg,https://images.metmuseum.org/CRDImages/eg/web-large/DT8209.jpg
-1353,-1353,Ripe barley,https://images.metmuseum.org/CRDImages/eg/original/DT1014.jpg,https://images.metmuseum.org/CRDImages/eg/web-large/DT1014.jpg
-3200,-3100,Hair Comb Decorated with Rows of Wild Animals,https://images.metmuseum.org/CRDImages/eg/original/DP247659.jpg,https://images.metmuseum.org/CRDImages/eg/web-large/DP247659.jpg
-1390,-1352,Gazelle,https://images.metmuseum.org/CRDImages/eg/original/DP-17702-001.jpg,https://images.metmuseum.org/CRDImages/eg/web-large/DP-17702-001.jpg
-525,-525,Antelope Head,https://images.metmuseum.org/CRDImages/eg/original/DT6857.jpg,https://images.metmuseum.org/CRDImages/eg/web-large/DT6857.jpg
-1186,-1186,Ostracon with Pharaoh Spearing a Lion and a Royal Hymn on its Back,https://images.metmuseum.org/CRDImages/eg/original/1191R2_Sec501M.jpg,https://images.metmuseum.org/CRDImages/eg/web-large/1191R2_Sec501M.jpg
-3100,-2900,Lion Cub,https://images.metmuseum.org/CRDImages/eg/original/DP244929.jpg,https://images.metmuseum.org/CRDImages/eg/web-large/DP244929.jpg
-780,-525,Hippopotamus figurine,https://images.metmuseum.org/CRDImages/eg/original/DP157553.jpg,https://images.metmuseum.org/CRDImages/eg/web-large/DP157553.jpg
-1991,-1991,A small inlaid sculpture of a soft-shelled turtle,https://images.metmuseum.org/CRDImages/eg/original/26.7.1359_top.jpg,https://images.metmuseum.org/CRDImages/eg/web-large/26.7.1359_top.jpg
-332,-30,Cat Statuette intended to contain a mummified cat,https://images.metmuseum.org/CRDImages/eg/original/DP245141.jpg,https://images.metmuseum.org/CRDImages/eg/web-large/DP245141.jpg
-2051,-2051,A Necklace of four strands of beads and amulets,https://images.metmuseum.org/CRDImages/eg/original/22.3.324_EGDP013063.jpg,https://images.metmuseum.org/CRDImages/eg/web-large/22.3.324_EGDP013063.jpg
-1850,-1700,Hippopotamus figurine,https://images.metmuseum.org/CRDImages/eg/original/DT328029.jpg,https://images.metmuseum.org/CRDImages/eg/web-large/DT328029.jpg
-1878,-1878,Face of Senwosret III,https://images.metmuseum.org/CRDImages/eg/original/DP323868.jpg,https://images.metmuseum.org/CRDImages/eg/web-large/DP323868.jpg
-1878,-1840,Senwosret III as a Sphinx,https://images.metmuseum.org/CRDImages/eg/original/DP247658.jpg,https://images.metmuseum.org/CRDImages/eg/web-large/DP247658.jpg
-2108,-2108,Stela of King Intef II Wahankh,https://images.metmuseum.org/CRDImages/eg/original/LC-13_182_3_EGDP026346.jpg,https://images.metmuseum.org/CRDImages/eg/web-large/LC-13_182_3_EGDP026346.jpg
-1981,-1952,Lintel of Amenemhat I and Deities,https://images.metmuseum.org/CRDImages/eg/original/DP322051.jpg,https://images.metmuseum.org/CRDImages/eg/web-large/DP322051.jpg
-1981,-1981,Estate Figure,https://images.metmuseum.org/CRDImages/eg/original/DP249003.jpg,https://images.metmuseum.org/CRDImages/eg/web-large/DP249003.jpg
-1981,-1975,Model Paddling Boat,https://images.metmuseum.org/CRDImages/eg/original/DP354724.jpg,https://images.metmuseum.org/CRDImages/eg/web-large/DP354724.jpg
-1981,-1981,Travelling Boat being Rowed,https://images.metmuseum.org/CRDImages/eg/original/DP249000.jpg,https://images.metmuseum.org/CRDImages/eg/web-large/DP249000.jpg
-1961,-1878,"Hippopotamus (""William"")",https://images.metmuseum.org/CRDImages/eg/original/DP248993.jpg,https://images.metmuseum.org/CRDImages/eg/web-large/DP248993.jpg
-1981,-1981,Scarab of the Storehouse Overseer Wah,https://images.metmuseum.org/CRDImages/eg/original/DP307899.jpg,https://images.metmuseum.org/CRDImages/eg/web-large/DP307899.jpg
-1887,-1878,Pectoral and Necklace of Sithathoryunet with the Name of Senwosret II,https://images.metmuseum.org/CRDImages/eg/original/DT531.jpg,https://images.metmuseum.org/CRDImages/eg/web-large/DT531.jpg
-1810,-1700,Mirror of the Chief of the Southern Tens Reniseneb,https://images.metmuseum.org/CRDImages/eg/original/26.7.1351_EGDP012745.jpg,https://images.metmuseum.org/CRDImages/eg/web-large/26.7.1351_EGDP012745.jpg
-664,-688,Baboon with a wedjat eye,https://images.metmuseum.org/CRDImages/eg/original/LC-44_4_41_EGDP028667.jpg,https://images.metmuseum.org/CRDImages/eg/web-large/LC-44_4_41_EGDP028667.jpg
-1981,-1981,Model collar of Hapiankhtifi,https://images.metmuseum.org/CRDImages/eg/original/12.183.16_0001.jpg,https://images.metmuseum.org/CRDImages/eg/web-large/12.183.16_0001.jpg
-1802,-1802,Classic Kerma Beaker,https://images.metmuseum.org/CRDImages/eg/original/DP354726.jpg,https://images.metmuseum.org/CRDImages/eg/web-large/DP354726.jpg
-3100,-2649,Turtle as a Votive Mehen Game,https://images.metmuseum.org/CRDImages/eg/original/DP250170.jpg,https://images.metmuseum.org/CRDImages/eg/web-large/DP250170.jpg
-1358,-1336,Relief of Queen Nefertiti,https://images.metmuseum.org/CRDImages/eg/original/DT200592.jpg,https://images.metmuseum.org/CRDImages/eg/web-large/DT200592.jpg
-150,-1,Official with Pleated Costume,https://images.metmuseum.org/CRDImages/eg/original/LC-65_119_EGDP024371.jpg,https://images.metmuseum.org/CRDImages/eg/web-large/LC-65_119_EGDP024371.jpg
-1358,-1348,Relief with palace attendant,https://images.metmuseum.org/CRDImages/eg/original/65.129_EGDP019329.jpg,https://images.metmuseum.org/CRDImages/eg/web-large/65.129_EGDP019329.jpg
-1981,-1981,Hippopotamus figurine,https://images.metmuseum.org/CRDImages/eg/original/66.99.13_view_1.jpg,https://images.metmuseum.org/CRDImages/eg/web-large/66.99.13_view_1.jpg
-1427,-1400,Head of Amenhotep II,https://images.metmuseum.org/CRDImages/eg/original/EG66.99.20.JPG,https://images.metmuseum.org/CRDImages/eg/web-large/EG66.99.20.JPG
-1353,-1353,"Funerary Figure of Isis, Singer of the Aten",https://images.metmuseum.org/CRDImages/eg/original/66.99.38_EGDP013435.jpg,https://images.metmuseum.org/CRDImages/eg/web-large/66.99.38_EGDP013435.jpg
-1353,-1336,Trial Piece with Relief of Head of Akhenaten,https://images.metmuseum.org/CRDImages/eg/original/66.99.40_EGDP020839.jpg,https://images.metmuseum.org/CRDImages/eg/web-large/66.99.40_EGDP020839.jpg
-1323,-1295,Relief of Haremhab,https://images.metmuseum.org/CRDImages/eg/original/DP109402.jpg,https://images.metmuseum.org/CRDImages/eg/web-large/DP109402.jpg
-1070,-664,Ram head for attachment,https://images.metmuseum.org/CRDImages/eg/original/DP139136.jpg,https://images.metmuseum.org/CRDImages/eg/web-large/DP139136.jpg
-360,-343,Magical Stela (Cippus of Horus),https://images.metmuseum.org/CRDImages/eg/original/DP319007.jpg,https://images.metmuseum.org/CRDImages/eg/web-large/DP319007.jpg
-1353,-1353,Blue-painted Storage jar,https://images.metmuseum.org/CRDImages/eg/original/55.92.2_EGDP019321.jpg,https://images.metmuseum.org/CRDImages/eg/web-large/55.92.2_EGDP019321.jpg
-1981,-1981,Model Bakery and Brewery from the Tomb of Meketre,https://images.metmuseum.org/CRDImages/eg/original/DT208237.jpg,https://images.metmuseum.org/CRDImages/eg/web-large/DT208237.jpg
-1944,-1944,Stela of the Steward Mentuwoser,https://images.metmuseum.org/CRDImages/eg/original/DP322064.jpg,https://images.metmuseum.org/CRDImages/eg/web-large/DP322064.jpg
-1782,-1780,Bilingual Cylinder Seal,https://images.metmuseum.org/CRDImages/eg/original/26.7.21_front_view_2.jpg,https://images.metmuseum.org/CRDImages/eg/web-large/26.7.21_front_view_2.jpg
-1473,-1458,Sphinx of Hatshepsut,https://images.metmuseum.org/CRDImages/eg/original/DP-24216-003.jpg,https://images.metmuseum.org/CRDImages/eg/web-large/DP-24216-003.jpg
-1473,-1458,Seated Statue of Hatshepsut,https://images.metmuseum.org/CRDImages/eg/original/DP-24215-002.jpg,https://images.metmuseum.org/CRDImages/eg/web-large/DP-24215-002.jpg
-1525,-1525,Head from a Statue of King Amenhotep I,https://images.metmuseum.org/CRDImages/eg/original/DP115769.jpg,https://images.metmuseum.org/CRDImages/eg/web-large/DP115769.jpg
-1580,-1580,Upper Part of the Seated Statue of a Queen,https://images.metmuseum.org/CRDImages/eg/original/DP115767.jpg,https://images.metmuseum.org/CRDImages/eg/web-large/DP115767.jpg
-1458,-1425,Relief of Thutmose III,https://images.metmuseum.org/CRDImages/eg/original/DP112384 26.7.1399.jpg,https://images.metmuseum.org/CRDImages/eg/web-large/DP112384 26.7.1399.jpg
-1479,-1458,"Artist's Sketches of  Senenmut, Sketch of Small Rodent on Opposite Side",https://images.metmuseum.org/CRDImages/eg/original/EG143.jpg,https://images.metmuseum.org/CRDImages/eg/web-large/EG143.jpg
-1390,-1352,Amenhotep III in the Blue Crown,https://images.metmuseum.org/CRDImages/eg/original/DT11513.jpg,https://images.metmuseum.org/CRDImages/eg/web-large/DT11513.jpg
-1390,-1352,"Sphinx of Amenhotep III, possibly from a Model of a Temple",https://images.metmuseum.org/CRDImages/eg/original/DT539.jpg,https://images.metmuseum.org/CRDImages/eg/web-large/DT539.jpg
-1390,-1352,Menat necklace from Malqata,https://images.metmuseum.org/CRDImages/eg/original/DT234778.jpg,https://images.metmuseum.org/CRDImages/eg/web-large/DT234778.jpg
-1390,-1336,Fragment of a Queen's Face,https://images.metmuseum.org/CRDImages/eg/original/DP355835.jpg,https://images.metmuseum.org/CRDImages/eg/web-large/DP355835.jpg
-1390,-1352,Painter's Palette Inscribed with the Name of Amenhotep III,https://images.metmuseum.org/CRDImages/eg/original/DP-17704-001.jpg,https://images.metmuseum.org/CRDImages/eg/web-large/DP-17704-001.jpg
-1353,-1336,"Trial piece of Akhenaten, on the reverse a horse's head",https://images.metmuseum.org/CRDImages/eg/original/DP109392.jpg,https://images.metmuseum.org/CRDImages/eg/web-large/DP109392.jpg
-1473,-1458,Thutmose I and His Mother Seniseneb,https://images.metmuseum.org/CRDImages/eg/original/DP311573.jpg,https://images.metmuseum.org/CRDImages/eg/web-large/DP311573.jpg
-1473,-1458,Men Splitting Papyrus,https://images.metmuseum.org/CRDImages/eg/original/30.4.10_EGDP012992.jpg,https://images.metmuseum.org/CRDImages/eg/web-large/30.4.10_EGDP012992.jpg
-1504,-1504,"Stringing and Drilling Beads, Tomb of Rekhmire",https://images.metmuseum.org/CRDImages/eg/original/31.6.25_EGDP017255.jpg,https://images.metmuseum.org/CRDImages/eg/web-large/31.6.25_EGDP017255.jpg
-1878,-1749,Fish Pendant,https://images.metmuseum.org/CRDImages/eg/original/DP109373.jpg,https://images.metmuseum.org/CRDImages/eg/web-large/DP109373.jpg
-610,-610,Statuette of a Royal (?)  Woman with the Cartouches of Necho II on her Arms,https://images.metmuseum.org/CRDImages/eg/original/DP139132.jpg,https://images.metmuseum.org/CRDImages/eg/web-large/DP139132.jpg
-588,-526,"Statuette of Osiris with the epithets Neb Ankh and Khentyimentiu, donated by Padihorpare",https://images.metmuseum.org/CRDImages/eg/original/56.16.2_EGDP022582.jpg,https://images.metmuseum.org/CRDImages/eg/web-large/56.16.2_EGDP022582.jpg
-1961,-1961,Heqanakht Letter I,https://images.metmuseum.org/CRDImages/eg/original/DP351757.jpg,https://images.metmuseum.org/CRDImages/eg/web-large/DP351757.jpg
-1961,-1961,Heqanakht Account VII,https://images.metmuseum.org/CRDImages/eg/original/EG33_22.3.522.jpg,https://images.metmuseum.org/CRDImages/eg/web-large/EG33_22.3.522.jpg
-1802,-1640,Statuette of Lady Dedetamun,,
-1887,-1887,Scarab ring of Sithathoryunet,https://images.metmuseum.org/CRDImages/eg/original/16.1.24_top.JPG,https://images.metmuseum.org/CRDImages/eg/web-large/16.1.24_top.JPG
-1859,-1813,Head of King Amenemhat III,https://images.metmuseum.org/CRDImages/eg/original/DP-13760-001.jpg,https://images.metmuseum.org/CRDImages/eg/web-large/DP-13760-001.jpg
-1981,-1650,Hippopotamus,https://images.metmuseum.org/CRDImages/eg/original/LC-32_1_230_EGDP026460.jpg,https://images.metmuseum.org/CRDImages/eg/web-large/LC-32_1_230_EGDP026460.jpg
-1859,-1749,Scarab with the Name of Amenemhat III and a Hippopotamus Hunt,https://images.metmuseum.org/CRDImages/eg/original/DP112574.jpg,https://images.metmuseum.org/CRDImages/eg/web-large/DP112574.jpg
-1810,-1700,Standing Hippopotamus,https://images.metmuseum.org/CRDImages/eg/original/DP229651.jpg,https://images.metmuseum.org/CRDImages/eg/web-large/DP229651.jpg
-1878,-1878,Shank of a cylinder amulet,https://images.metmuseum.org/CRDImages/eg/original/26.7.1308.JPG,https://images.metmuseum.org/CRDImages/eg/web-large/26.7.1308.JPG
-1981,-1981,Apotropaic Wand,https://images.metmuseum.org/CRDImages/eg/original/30.8.218_EGDP011959.jpg,https://images.metmuseum.org/CRDImages/eg/web-large/30.8.218_EGDP011959.jpg
-3500,-3300,Decorated Ware Jar Depicting Ungulates and Boats with Human Figures,https://images.metmuseum.org/CRDImages/eg/original/DP248749.jpg,https://images.metmuseum.org/CRDImages/eg/web-large/DP248749.jpg
-1353,-1336,Goblet Inscribed with the Names of King Amenhotep IV and Queen Nefertiti,https://images.metmuseum.org/CRDImages/eg/original/DT11826.jpg,https://images.metmuseum.org/CRDImages/eg/web-large/DT11826.jpg
-150,-150,Statuette of Arsinoe II for her Posthumous Cult,https://images.metmuseum.org/CRDImages/eg/original/DP246574.jpg,https://images.metmuseum.org/CRDImages/eg/web-large/DP246574.jpg
-3700,-3450,Bowl with Human Feet,https://images.metmuseum.org/CRDImages/eg/original/DP249936.jpg,https://images.metmuseum.org/CRDImages/eg/web-large/DP249936.jpg
-713,-664,Kushite Pharaoh,https://images.metmuseum.org/CRDImages/eg/original/DT5363.jpg,https://images.metmuseum.org/CRDImages/eg/web-large/DT5363.jpg
-1358,-1348,"Head of Akhenaten Wearing the Blue Crown, traces of a hieroglyph behind the neck",https://images.metmuseum.org/CRDImages/eg/original/57.180.79_Slide.jpg,https://images.metmuseum.org/CRDImages/eg/web-large/57.180.79_Slide.jpg
-1825,-1775,Statuette of a Late Middle Kingdom Queen,https://images.metmuseum.org/CRDImages/eg/original/65.59.1_01.jpg,https://images.metmuseum.org/CRDImages/eg/web-large/65.59.1_01.jpg
-1975,-1975,Statuette of Wah,https://images.metmuseum.org/CRDImages/eg/original/CT_26853.jpg,https://images.metmuseum.org/CRDImages/eg/web-large/CT_26853.jpg
-2030,-2030,Writing board of an apprentice scribe,https://images.metmuseum.org/CRDImages/eg/original/DT11763.jpg,https://images.metmuseum.org/CRDImages/eg/web-large/DT11763.jpg
-1045,-992,"Palette inscribed for Smendes (II), High Priest of Amun",https://images.metmuseum.org/CRDImages/eg/original/DP234747.jpg,https://images.metmuseum.org/CRDImages/eg/web-large/DP234747.jpg
-1400,-1352,"Nebamun Supervising Estate Activities, Tomb of Nebamun",https://images.metmuseum.org/CRDImages/eg/original/DT11772.jpg,https://images.metmuseum.org/CRDImages/eg/web-large/DT11772.jpg
-1981,-1975,Necklace of Gold Ball Beads,https://images.metmuseum.org/CRDImages/eg/original/EG152.jpg,https://images.metmuseum.org/CRDImages/eg/web-large/EG152.jpg
-1473,-1458,Artist's Scaled Drawing of Hieroglyphs,https://images.metmuseum.org/CRDImages/eg/original/DP280353.jpg,https://images.metmuseum.org/CRDImages/eg/web-large/DP280353.jpg
-2051,-2051,Sa Amulet,https://images.metmuseum.org/CRDImages/eg/original/DT1010.jpg,https://images.metmuseum.org/CRDImages/eg/web-large/DT1010.jpg
-1473,-1458,"Scarab Inscribed ""Hatshepsut, United with Amun""",https://images.metmuseum.org/CRDImages/eg/original/27.3.206_bot.jpg,https://images.metmuseum.org/CRDImages/eg/web-large/27.3.206_bot.jpg
-1479,-1479,Mirror with Handle in the Form of a Hathor Emblem,https://images.metmuseum.org/CRDImages/eg/original/26.8.97_EGDP013358.jpg,https://images.metmuseum.org/CRDImages/eg/web-large/26.8.97_EGDP013358.jpg
-1279,-1213,Situla with floral decoration,https://images.metmuseum.org/CRDImages/eg/original/DT1011.jpg,https://images.metmuseum.org/CRDImages/eg/web-large/DT1011.jpg
-1279,-1213,Decorated Jug with Feline-Head Handle naming Atumemtaneb,https://images.metmuseum.org/CRDImages/eg/original/DP-15345-001.jpg,https://images.metmuseum.org/CRDImages/eg/web-large/DP-15345-001.jpg
-1279,-1213,Strainer,https://images.metmuseum.org/CRDImages/eg/original/DT1012.jpg,https://images.metmuseum.org/CRDImages/eg/web-large/DT1012.jpg
-1279,-1213,Conical Boss from a Bowl,https://images.metmuseum.org/CRDImages/eg/original/DT1013.jpg,https://images.metmuseum.org/CRDImages/eg/web-large/DT1013.jpg
-1750,-1700,Hedgehog Amulet on a String,https://images.metmuseum.org/CRDImages/eg/original/DP109381.jpg,https://images.metmuseum.org/CRDImages/eg/web-large/DP109381.jpg
-1981,-1975,Necklace of Wah,https://images.metmuseum.org/CRDImages/eg/original/DP307900.jpg,https://images.metmuseum.org/CRDImages/eg/web-large/DP307900.jpg
-400,-400,Relief plaque with face of an owl hieroglyph,https://images.metmuseum.org/CRDImages/eg/original/DP243859.jpg,https://images.metmuseum.org/CRDImages/eg/web-large/DP243859.jpg
-664,-688,Apis Bull Statuette,https://images.metmuseum.org/CRDImages/eg/original/17.190.62_rp.jpg,https://images.metmuseum.org/CRDImages/eg/web-large/17.190.62_rp.jpg
-1981,-1981,Model of a Granary with Scribes,https://images.metmuseum.org/CRDImages/eg/original/DP351557.jpg,https://images.metmuseum.org/CRDImages/eg/web-large/DP351557.jpg
-664,-664,Taweret Amulet,https://images.metmuseum.org/CRDImages/eg/original/DP109372.jpg,https://images.metmuseum.org/CRDImages/eg/web-large/DP109372.jpg
-664,-664,A pendant depicting a ba-bird with outstretched wings,https://images.metmuseum.org/CRDImages/eg/original/13.184_top.jpg,https://images.metmuseum.org/CRDImages/eg/web-large/13.184_top.jpg
-3100,-2649,Game Piece in the Form of a Lion,https://images.metmuseum.org/CRDImages/eg/original/DP259829.jpg,https://images.metmuseum.org/CRDImages/eg/web-large/DP259829.jpg
-1479,-1425,Libation Vessel of Manuwai,https://images.metmuseum.org/CRDImages/eg/original/EG118.jpg,https://images.metmuseum.org/CRDImages/eg/web-large/EG118.jpg
-1353,-1353,Royal hand,https://images.metmuseum.org/CRDImages/eg/original/DT8187.jpg,https://images.metmuseum.org/CRDImages/eg/web-large/DT8187.jpg
-1353,-1336,Torso of Akhenaten,https://images.metmuseum.org/CRDImages/eg/original/DT202064.jpg,https://images.metmuseum.org/CRDImages/eg/web-large/DT202064.jpg
-1352,-1336,Torso of Nefertiti from a dyad holding a stela in front of the bodies,https://images.metmuseum.org/CRDImages/eg/original/DP276474.jpg,https://images.metmuseum.org/CRDImages/eg/web-large/DP276474.jpg
-1353,-1336,Relief Depicting the Purification of Queen Kiya (?),https://images.metmuseum.org/CRDImages/eg/original/DT8193.jpg,https://images.metmuseum.org/CRDImages/eg/web-large/DT8193.jpg
-1358,-1348,Finger Ring depicting King Akhenaten and Queen Nefertiti as Shu and Tefnut,https://images.metmuseum.org/CRDImages/eg/original/DT11685.jpg,https://images.metmuseum.org/CRDImages/eg/web-large/DT11685.jpg
-1353,-1336,Pair of Clappers,https://images.metmuseum.org/CRDImages/eg/original/DT11781.jpg,https://images.metmuseum.org/CRDImages/eg/web-large/DT11781.jpg
-1353,-1353,Royal Barge at its Mooring,https://images.metmuseum.org/CRDImages/eg/original/DT8200.jpg,https://images.metmuseum.org/CRDImages/eg/web-large/DT8200.jpg
-1353,-1353,Statue of two men and a boy that served as a domestic icon,https://images.metmuseum.org/CRDImages/eg/original/DP206147.jpg,https://images.metmuseum.org/CRDImages/eg/web-large/DP206147.jpg
-1353,-1353,Head from a statuette,https://images.metmuseum.org/CRDImages/eg/original/31.114.1_EGDP019314.jpg,https://images.metmuseum.org/CRDImages/eg/web-large/31.114.1_EGDP019314.jpg
-1358,-1348,"Terminal, possibly for a scepter, with the name of Meketaten",https://images.metmuseum.org/CRDImages/eg/original/DT11687.jpg,https://images.metmuseum.org/CRDImages/eg/web-large/DT11687.jpg
-1349,-1330,Canopic Jar (07.226.1) with a Lid Depicting a Queen (30.8.54),https://images.metmuseum.org/CRDImages/eg/original/DT227703.jpg,https://images.metmuseum.org/CRDImages/eg/web-large/DT227703.jpg
-1336,-1327,Head of Tutankhamun,https://images.metmuseum.org/CRDImages/eg/original/DT546.jpg,https://images.metmuseum.org/CRDImages/eg/web-large/DT546.jpg
-1336,-1336,Head of the god Amun,https://images.metmuseum.org/CRDImages/eg/original/DT11639.jpg,https://images.metmuseum.org/CRDImages/eg/web-large/DT11639.jpg
-1336,-1323,Haremhab as a Scribe of the King,https://images.metmuseum.org/CRDImages/eg/original/DP238391.jpg,https://images.metmuseum.org/CRDImages/eg/web-large/DP238391.jpg
-1353,-1336,"Face from a Composite Statue, probably Queen Tiye",https://images.metmuseum.org/CRDImages/eg/original/DT11514.jpg,https://images.metmuseum.org/CRDImages/eg/web-large/DT11514.jpg
-1353,-1336,"Amarna letter: Royal Letter from Ashur-uballit, the king of Assyria, to the king of Egypt",https://images.metmuseum.org/CRDImages/eg/original/24.2.11_EGDP021806.jpg,https://images.metmuseum.org/CRDImages/eg/web-large/24.2.11_EGDP021806.jpg
-1353,-1353,Amarna letter: Royal Letter from Abi-milku of Tyre to the king of Egypt,https://images.metmuseum.org/CRDImages/eg/original/24.2.12_EGDP021809.jpg,https://images.metmuseum.org/CRDImages/eg/web-large/24.2.12_EGDP021809.jpg
-1352,-1352,Relief with chariots,https://images.metmuseum.org/CRDImages/eg/original/27.6.1_EGDP012941.jpg,https://images.metmuseum.org/CRDImages/eg/web-large/27.6.1_EGDP012941.jpg
-1279,-1213,Bowl Decorated with Marsh Scenes,https://images.metmuseum.org/CRDImages/eg/original/DP-15343-001.jpg,https://images.metmuseum.org/CRDImages/eg/web-large/DP-15343-001.jpg
-1279,-1213,Cosmetic Box from the tomb of Sennedjem,https://images.metmuseum.org/CRDImages/eg/original/DT202028.jpg,https://images.metmuseum.org/CRDImages/eg/web-large/DT202028.jpg
-1279,-1213,Jar from the tomb of Sennedjem,https://images.metmuseum.org/CRDImages/eg/original/DT202024.jpg,https://images.metmuseum.org/CRDImages/eg/web-large/DT202024.jpg
-1279,-1213,Mummy Mask of Khonsu,https://images.metmuseum.org/CRDImages/eg/original/LC-86_1_4_EGDP026798.jpg,https://images.metmuseum.org/CRDImages/eg/web-large/LC-86_1_4_EGDP026798.jpg
-1353,-1336,Nose and lips of Akhenaten,https://images.metmuseum.org/CRDImages/eg/original/DT222401.jpg,https://images.metmuseum.org/CRDImages/eg/web-large/DT222401.jpg
-1194,-1194,Shabti of Siptah,https://images.metmuseum.org/CRDImages/eg/original/DP109391.jpg,https://images.metmuseum.org/CRDImages/eg/web-large/DP109391.jpg
-1427,-1400,Block from a Relief Depicting a Battle,https://images.metmuseum.org/CRDImages/eg/original/213_S3BR2_01GG.jpg,https://images.metmuseum.org/CRDImages/eg/web-large/213_S3BR2_01GG.jpg
-380,-343,Marriage Contract,https://images.metmuseum.org/CRDImages/eg/original/35.4.1a_b_EGDP019712_13.jpg,https://images.metmuseum.org/CRDImages/eg/web-large/35.4.1a_b_EGDP019712_13.jpg
-1279,-1213,Neck from a vessel depicting the goddess Hathor flanked by felines,https://images.metmuseum.org/CRDImages/eg/original/DP-15346-001.jpg,https://images.metmuseum.org/CRDImages/eg/web-large/DP-15346-001.jpg
-1200,-1194,Head of King Seti II Wearing the Blue Crown,https://images.metmuseum.org/CRDImages/eg/original/DP-24217-001.jpg,https://images.metmuseum.org/CRDImages/eg/web-large/DP-24217-001.jpg
-1294,-1279,Statue of Seti I,https://images.metmuseum.org/CRDImages/eg/original/LC-22_2_21_EGDP033427.jpg,https://images.metmuseum.org/CRDImages/eg/web-large/LC-22_2_21_EGDP033427.jpg
-1320,-1320,Funerary Papyrus of the Steward Sethnakht,https://images.metmuseum.org/CRDImages/eg/original/35.9.19a-e_EGDP010220.jpg,https://images.metmuseum.org/CRDImages/eg/web-large/35.9.19a-e_EGDP010220.jpg
-1550,-1295,Gameboard and Gaming Pieces,https://images.metmuseum.org/CRDImages/eg/original/DP310299.jpg,https://images.metmuseum.org/CRDImages/eg/web-large/DP310299.jpg
-1327,-1295,Votive stela of Userhat,https://images.metmuseum.org/CRDImages/eg/original/DP226728.jpg,https://images.metmuseum.org/CRDImages/eg/web-large/DP226728.jpg
-1336,-1336,Water Bottle from Tutankhamun's Embalming Cache,https://images.metmuseum.org/CRDImages/eg/original/DP-24210-001.jpg,https://images.metmuseum.org/CRDImages/eg/web-large/DP-24210-001.jpg
-1550,-1295,Architectural Drawing of a Garden,https://images.metmuseum.org/CRDImages/eg/original/EG14.108.JPG,https://images.metmuseum.org/CRDImages/eg/web-large/EG14.108.JPG
-1810,-1700,Shen amulet of Reniseneb,https://images.metmuseum.org/CRDImages/eg/original/DP-16191-001.jpg,https://images.metmuseum.org/CRDImages/eg/web-large/DP-16191-001.jpg
-1400,-1390,Arm Panel From a Ceremonial Chair of Thutmose IV,https://images.metmuseum.org/CRDImages/eg/original/DP-17705-001.jpg,https://images.metmuseum.org/CRDImages/eg/web-large/DP-17705-001.jpg
-1479,-1458,Letter written in hieratic script on papyrus,https://images.metmuseum.org/CRDImages/eg/original/DP234741.jpg,https://images.metmuseum.org/CRDImages/eg/web-large/DP234741.jpg
-1390,-1352,Whip Handle in the Shape of a Horse,https://images.metmuseum.org/CRDImages/eg/original/DP-17703-001.jpg,https://images.metmuseum.org/CRDImages/eg/web-large/DP-17703-001.jpg
-1353,-1336,Spindle Bottle with Handle,https://images.metmuseum.org/CRDImages/eg/original/DT2547.jpg,https://images.metmuseum.org/CRDImages/eg/web-large/DT2547.jpg
-380,-30,Inlays and Shrine Elements,https://images.metmuseum.org/CRDImages/eg/original/LC-21_2_2-related_EGDP024092.jpg,https://images.metmuseum.org/CRDImages/eg/web-large/LC-21_2_2-related_EGDP024092.jpg
-332,-30,Statuette of the Goddess Taweret,https://images.metmuseum.org/CRDImages/eg/original/DP243443.jpg,https://images.metmuseum.org/CRDImages/eg/web-large/DP243443.jpg
-945,-712,Statuette of Amun,https://images.metmuseum.org/CRDImages/eg/original/DT553.jpg,https://images.metmuseum.org/CRDImages/eg/web-large/DT553.jpg
-712,-712,Donation Stela of Shabaqo,https://images.metmuseum.org/CRDImages/eg/original/LC-55_144_6_EGDP031744.jpg,https://images.metmuseum.org/CRDImages/eg/web-large/LC-55_144_6_EGDP031744.jpg
-707,-690,Donation Stela of Shebitqo,https://images.metmuseum.org/CRDImages/eg/original/EG65.45.JPG,https://images.metmuseum.org/CRDImages/eg/web-large/EG65.45.JPG
-690,-690,Menat of Taharqo: the King Being Nursed by the Lion-Headed Goddess Bastet,https://images.metmuseum.org/CRDImages/eg/original/LC-41_160_104_EGDP031639.jpg,https://images.metmuseum.org/CRDImages/eg/web-large/LC-41_160_104_EGDP031639.jpg
-589,-589,"Fragment of a Royal Head, Probably Apries",https://images.metmuseum.org/CRDImages/eg/original/DT3837.jpg,https://images.metmuseum.org/CRDImages/eg/web-large/DT3837.jpg
-570,-526,Kneeling statuette of King Amasis,https://images.metmuseum.org/CRDImages/eg/original/DP109396.jpg,https://images.metmuseum.org/CRDImages/eg/web-large/DP109396.jpg
-360,-343,God Horus Protecting King Nectanebo II,https://images.metmuseum.org/CRDImages/eg/original/DP152085.jpg,https://images.metmuseum.org/CRDImages/eg/web-large/DP152085.jpg
-360,-343,Nectanebo II Offers to Osiris Hemag,https://images.metmuseum.org/CRDImages/eg/original/12.182.4c_EGDP011900.jpg,https://images.metmuseum.org/CRDImages/eg/web-large/12.182.4c_EGDP011900.jpg
-1353,-1353,Scene of Fishing and Fowling,https://images.metmuseum.org/CRDImages/eg/original/DT8208.jpg,https://images.metmuseum.org/CRDImages/eg/web-large/DT8208.jpg
-200,-150,Bowl,https://images.metmuseum.org/CRDImages/eg/original/DP243440.jpg,https://images.metmuseum.org/CRDImages/eg/web-large/DP243440.jpg
-525,-525,Cosmetic Container in the Form of a Bes-image,https://images.metmuseum.org/CRDImages/eg/original/DP112565.jpg,https://images.metmuseum.org/CRDImages/eg/web-large/DP112565.jpg
-304,-304,Crocodile amulet,https://images.metmuseum.org/CRDImages/eg/original/DT1009.jpg,https://images.metmuseum.org/CRDImages/eg/web-large/DT1009.jpg
100,199,Figure of Isis-Aphrodite,https://images.metmuseum.org/CRDImages/eg/original/DT6643.jpg,https://images.metmuseum.org/CRDImages/eg/web-large/DT6643.jpg
-332,-246,Miniature broad collar,https://images.metmuseum.org/CRDImages/eg/original/DP139141.jpg,https://images.metmuseum.org/CRDImages/eg/web-large/DP139141.jpg
-399,-100,Bes-image of the god Hor-Asha-Khet,https://images.metmuseum.org/CRDImages/eg/original/DP139129.jpg,https://images.metmuseum.org/CRDImages/eg/web-large/DP139129.jpg
-100,100,Gilded glass earring,https://images.metmuseum.org/CRDImages/eg/original/LC-10_130_1521_EGDP024762.jpg,https://images.metmuseum.org/CRDImages/eg/web-large/LC-10_130_1521_EGDP024762.jpg
225,225,Collar with medallions containing coins of emperors,https://images.metmuseum.org/CRDImages/eg/original/LC-36_9_1_EGDP036169.jpg,https://images.metmuseum.org/CRDImages/eg/web-large/LC-36_9_1_EGDP036169.jpg
-1550,-1525,Head of Ahmose I,https://images.metmuseum.org/CRDImages/eg/original/DP140854.jpg,https://images.metmuseum.org/CRDImages/eg/web-large/DP140854.jpg
100,150,Portrait of the Boy Eutyches,https://images.metmuseum.org/CRDImages/eg/original/DP-25887-001.jpg,https://images.metmuseum.org/CRDImages/eg/web-large/DP-25887-001.jpg
-3705,-3450,Hippopotamus amulet,https://images.metmuseum.org/CRDImages/eg/original/DP237713.jpg,https://images.metmuseum.org/CRDImages/eg/web-large/DP237713.jpg
-3650,-3450,Figurine of a man,https://images.metmuseum.org/CRDImages/eg/original/DP23094.jpg,https://images.metmuseum.org/CRDImages/eg/web-large/DP23094.jpg
-3500,-3300,Amulet in the form of a head of an elephant,https://images.metmuseum.org/CRDImages/eg/original/DP109384.jpg,https://images.metmuseum.org/CRDImages/eg/web-large/DP109384.jpg
60,70,Mummy Mask,https://images.metmuseum.org/CRDImages/eg/original/DT10852.jpg,https://images.metmuseum.org/CRDImages/eg/web-large/DT10852.jpg
-80,-30,"Torso of a Ptolemaic King, inscribed with cartouches of a late Ptolemy",https://images.metmuseum.org/CRDImages/eg/original/DT9382.jpg,https://images.metmuseum.org/CRDImages/eg/web-large/DT9382.jpg
-3700,-3450,White cross-lined ware bowl illustrating a hippo hunt,https://images.metmuseum.org/CRDImages/eg/original/DP244959.jpg,https://images.metmuseum.org/CRDImages/eg/web-large/DP244959.jpg
-2650,-2650,Child's bracelet,https://images.metmuseum.org/CRDImages/eg/original/01.4.2_01-20-01.jpg,https://images.metmuseum.org/CRDImages/eg/web-large/01.4.2_01-20-01.jpg
-1400,-1400,Mirror with a Handle in the Shape of a Young Woman Holding a Papyrus Umbel,https://images.metmuseum.org/CRDImages/eg/original/LC-1972_118_30_EGDP035952.jpg,https://images.metmuseum.org/CRDImages/eg/web-large/LC-1972_118_30_EGDP035952.jpg
-1336,-1336,Blue Kerchief from Tutankhamun's Embalming Cache,https://images.metmuseum.org/CRDImages/eg/original/09.184.217.jpg,https://images.metmuseum.org/CRDImages/eg/web-large/09.184.217.jpg
-1336,-1336,Kerchief from Tutankhamun's Embalming Cache,https://images.metmuseum.org/CRDImages/eg/original/DP226074.jpg,https://images.metmuseum.org/CRDImages/eg/web-large/DP226074.jpg
-1336,-1336,Kerchief from Tutankhamun's Embalming Cache,https://images.metmuseum.org/CRDImages/eg/original/DP226387.jpg,https://images.metmuseum.org/CRDImages/eg/web-large/DP226387.jpg
-1336,-1336,Linen from Tutankhamun's Embalming Cache,https://images.metmuseum.org/CRDImages/eg/original/DP225290.jpg,https://images.metmuseum.org/CRDImages/eg/web-large/DP225290.jpg
-1336,-1336,Inscribed Linen Sheet from Tutankhamun's Embalming Cache,https://images.metmuseum.org/CRDImages/eg/original/DP226087.jpg,https://images.metmuseum.org/CRDImages/eg/web-large/DP226087.jpg
-1336,-1336,Mummy Bandage from Tutankhamun's Embalming Cache,https://images.metmuseum.org/CRDImages/eg/original/DP225316.jpg,https://images.metmuseum.org/CRDImages/eg/web-large/DP225316.jpg
-1504,-1447,Conical Game Piece,https://images.metmuseum.org/CRDImages/eg/original/LC-35_3_2_EGDP025803.jpg,https://images.metmuseum.org/CRDImages/eg/web-large/LC-35_3_2_EGDP025803.jpg
-1390,-1295,Arched Harp (shoulder harp),https://images.metmuseum.org/CRDImages/eg/original/DP302724.jpg,https://images.metmuseum.org/CRDImages/eg/web-large/DP302724.jpg
-285,-246,Face attributed to Ptolemy II Philadelphos or a contemporary,https://images.metmuseum.org/CRDImages/eg/original/DP-24213-001.jpg,https://images.metmuseum.org/CRDImages/eg/web-large/DP-24213-001.jpg
-664,-688,"Nephthys, Horus, and Isis Amulet",https://images.metmuseum.org/CRDImages/eg/original/DP109380.jpg,https://images.metmuseum.org/CRDImages/eg/web-large/DP109380.jpg
-1070,-1070,Bes-Image Amulet,https://images.metmuseum.org/CRDImages/eg/original/DP109383.jpg,https://images.metmuseum.org/CRDImages/eg/web-large/DP109383.jpg
-332,-30,Statuette of Isis nursing Horus,https://images.metmuseum.org/CRDImages/eg/original/DP241036.jpg,https://images.metmuseum.org/CRDImages/eg/web-large/DP241036.jpg
-656,-650,Relief from the Tomb of Nespekashuty,https://images.metmuseum.org/CRDImages/eg/original/DT555-detail.jpg,https://images.metmuseum.org/CRDImages/eg/web-large/DT555-detail.jpg
-945,-664,Lotiform Chalice,https://images.metmuseum.org/CRDImages/eg/original/LC-26_7_971_EGDP029864.jpg,https://images.metmuseum.org/CRDImages/eg/web-large/LC-26_7_971_EGDP029864.jpg
-1050,-1050,Book of the Dead for the Chantress of Amun Nauny,https://images.metmuseum.org/CRDImages/eg/original/DT11633.jpg,https://images.metmuseum.org/CRDImages/eg/web-large/DT11633.jpg
-2000,-2000,Storage Jar,https://images.metmuseum.org/CRDImages/eg/original/DP100732.jpg,https://images.metmuseum.org/CRDImages/eg/web-large/DP100732.jpg
-1900,-1550,Drinking Cup,https://images.metmuseum.org/CRDImages/eg/original/13.125.28a_EGDP010020.jpg,https://images.metmuseum.org/CRDImages/eg/web-large/13.125.28a_EGDP010020.jpg
-1961,-1917,Ritual Scene with Senwosret I,https://images.metmuseum.org/CRDImages/eg/original/EG14.3.6.JPG,https://images.metmuseum.org/CRDImages/eg/web-large/EG14.3.6.JPG
-1640,-1550,Bucranium,https://images.metmuseum.org/CRDImages/eg/original/DP100986.jpg,https://images.metmuseum.org/CRDImages/eg/web-large/DP100986.jpg
100,100,Anklet,https://images.metmuseum.org/CRDImages/eg/original/LC-26_4_110a_b_EGDP037778.jpg,https://images.metmuseum.org/CRDImages/eg/web-large/LC-26_4_110a_b_EGDP037778.jpg
-1213,-1213,Shabti of Merneptah,https://images.metmuseum.org/CRDImages/eg/original/DT10851.jpg,https://images.metmuseum.org/CRDImages/eg/web-large/DT10851.jpg
-7000,-4500,Hollow-Base Projectile Point,https://images.metmuseum.org/CRDImages/eg/original/EG26.253.59.JPG,https://images.metmuseum.org/CRDImages/eg/web-large/EG26.253.59.JPG
-1295,-1295,Sennedjem and Iineferti in the Fields of Iaru,https://images.metmuseum.org/CRDImages/eg/original/DT11771.jpg,https://images.metmuseum.org/CRDImages/eg/web-large/DT11771.jpg
-1279,-1213,Queen Nefertari Playing Senet,https://images.metmuseum.org/CRDImages/eg/original/DT11770.jpg,https://images.metmuseum.org/CRDImages/eg/web-large/DT11770.jpg
-1153,-1153,Artist's Sketch of Ramesses IV,https://images.metmuseum.org/CRDImages/eg/original/DP109395.jpg,https://images.metmuseum.org/CRDImages/eg/web-large/DP109395.jpg
-1184,-1153,Ramesses III and Prince Amenherkhepeshef before Hathor,https://images.metmuseum.org/CRDImages/eg/original/DT11787.jpg,https://images.metmuseum.org/CRDImages/eg/web-large/DT11787.jpg
-1126,-1126,Relief of Ramesses IX,https://images.metmuseum.org/CRDImages/eg/original/LC-59_51a_ b_EGDP032128.jpg,https://images.metmuseum.org/CRDImages/eg/web-large/LC-59_51a_ b_EGDP032128.jpg
-1086,-30,Djed Pillar Amulet,https://images.metmuseum.org/CRDImages/eg/original/DP109385.jpg,https://images.metmuseum.org/CRDImages/eg/web-large/DP109385.jpg
-399,-300,Torso of a High General,https://images.metmuseum.org/CRDImages/eg/original/DT3997.jpg,https://images.metmuseum.org/CRDImages/eg/web-large/DT3997.jpg
-664,-664,Bust from Statue of a King,https://images.metmuseum.org/CRDImages/eg/original/EGX.358.JPG,https://images.metmuseum.org/CRDImages/eg/web-large/EGX.358.JPG
-664,-664,Kneeling statue of Amenemopetemhat,https://images.metmuseum.org/CRDImages/eg/original/LC-24_2_2_EGDP025731.jpg,https://images.metmuseum.org/CRDImages/eg/web-large/LC-24_2_2_EGDP025731.jpg
-180,-145,"Head of a king as Khepri, possibly Ptolemy VI Philometor",https://images.metmuseum.org/CRDImages/eg/original/DP109401.jpg,https://images.metmuseum.org/CRDImages/eg/web-large/DP109401.jpg
-1400,-1352,"Menna and Family Hunting in the Marshes, Tomb of Menna",https://images.metmuseum.org/CRDImages/eg/original/DT10878.jpg,https://images.metmuseum.org/CRDImages/eg/web-large/DT10878.jpg
-1550,-1550,Game Box Inscribed for Taia and His Family,https://images.metmuseum.org/CRDImages/eg/original/12.182.72a_EGDP012976.jpg,https://images.metmuseum.org/CRDImages/eg/web-large/12.182.72a_EGDP012976.jpg
-1479,-1479,Hinged Cuff Bracelet,https://images.metmuseum.org/CRDImages/eg/original/DT11565.jpg,https://images.metmuseum.org/CRDImages/eg/web-large/DT11565.jpg
-1353,-1336,Facsimile painting from the 'Green Room' in the North Palace at Amarna,https://images.metmuseum.org/CRDImages/eg/original/DT2845.jpg,https://images.metmuseum.org/CRDImages/eg/web-large/DT2845.jpg
-2030,-1650,Pendant in the Shape of an Uraeus,https://images.metmuseum.org/CRDImages/eg/original/LC-26_8_81_EGDP024764.jpg,https://images.metmuseum.org/CRDImages/eg/web-large/LC-26_8_81_EGDP024764.jpg
-1479,-1458,Head of a Leopard with the Name of Hatshepsut,https://images.metmuseum.org/CRDImages/eg/original/DP116076.jpg,https://images.metmuseum.org/CRDImages/eg/web-large/DP116076.jpg
-1479,-1425,Wide-necked jar and lid naming Thutmose III,https://images.metmuseum.org/CRDImages/eg/original/26.8.35ab.front.jpg,https://images.metmuseum.org/CRDImages/eg/web-large/26.8.35ab.front.jpg
-1700,-1500,Magical Container in the Shape of a Hippopotamus Deity,https://images.metmuseum.org/CRDImages/eg/original/DP116082.jpg,https://images.metmuseum.org/CRDImages/eg/web-large/DP116082.jpg
-380,-246,Ritual Figure,https://images.metmuseum.org/CRDImages/eg/original/DT1016.jpg,https://images.metmuseum.org/CRDImages/eg/web-large/DT1016.jpg
-1352,-1336,Head of a princess from a group statue,https://images.metmuseum.org/CRDImages/eg/original/DP137930.jpg,https://images.metmuseum.org/CRDImages/eg/web-large/DP137930.jpg
80,100,Mummy with an Inserted Panel Portrait of a Youth,https://images.metmuseum.org/CRDImages/eg/original/DT202009.jpg,https://images.metmuseum.org/CRDImages/eg/web-large/DT202009.jpg
-278,-270,Head Attributed to Arsinoe II,https://images.metmuseum.org/CRDImages/eg/original/DT10849.jpg,https://images.metmuseum.org/CRDImages/eg/web-large/DT10849.jpg
-200,-30,"Statue of a Ptolemaic Queen, perhaps Cleopatra VII",https://images.metmuseum.org/CRDImages/eg/original/DT10854.jpg,https://images.metmuseum.org/CRDImages/eg/web-large/DT10854.jpg
-589,-589,Relief from the Palace of Apries in Memphis,https://images.metmuseum.org/CRDImages/eg/original/09.183.1a_EGDP011859.jpg,https://images.metmuseum.org/CRDImages/eg/web-large/09.183.1a_EGDP011859.jpg
-1400,-1295,"Model of the foreleg of a horned animal, perhaps from a foundation deposit",https://images.metmuseum.org/CRDImages/eg/original/DP131500.jpg,https://images.metmuseum.org/CRDImages/eg/web-large/DP131500.jpg
-1479,-1458,Artist's Painting of a Hippopotamus,https://images.metmuseum.org/CRDImages/eg/original/DP115783.jpg,https://images.metmuseum.org/CRDImages/eg/web-large/DP115783.jpg
-1479,-1479,Sandals,https://images.metmuseum.org/CRDImages/eg/original/DP116093.jpg,https://images.metmuseum.org/CRDImages/eg/web-large/DP116093.jpg
-360,-343,Head from a Statue with Magical Texts,https://images.metmuseum.org/CRDImages/eg/original/DT6220.jpg,https://images.metmuseum.org/CRDImages/eg/web-large/DT6220.jpg
-332,-30,Wedjat Eye Amulet,https://images.metmuseum.org/CRDImages/eg/original/DP112767.jpg,https://images.metmuseum.org/CRDImages/eg/web-large/DP112767.jpg
-712,-712,Ram's-head  Amulet,https://images.metmuseum.org/CRDImages/eg/original/DP139144.jpg,https://images.metmuseum.org/CRDImages/eg/web-large/DP139144.jpg
-1479,-1425,Ritual Statuette of Thutmose III,https://images.metmuseum.org/CRDImages/eg/original/DT537.jpg,https://images.metmuseum.org/CRDImages/eg/web-large/DT537.jpg
-246,-222,Head of Ptolemy II or III,https://images.metmuseum.org/CRDImages/eg/original/DP-24219-001.jpg,https://images.metmuseum.org/CRDImages/eg/web-large/DP-24219-001.jpg
-1390,-1352,Head of a Hippopotamus,https://images.metmuseum.org/CRDImages/eg/original/DT4210.jpg,https://images.metmuseum.org/CRDImages/eg/web-large/DT4210.jpg
-1000,-1000,Amduat (Netherworld) Papyrus Inscribed for Gautsoshen,,
-10,-10,The Temple of Dendur,https://images.metmuseum.org/CRDImages/eg/original/DP240337.jpg,https://images.metmuseum.org/CRDImages/eg/web-large/DP240337.jpg
-27,14,Head of Augustus,https://images.metmuseum.org/CRDImages/eg/original/DP247261.jpg,https://images.metmuseum.org/CRDImages/eg/web-large/DP247261.jpg
-1504,-1447,Spool-Shaped Game Piece,https://images.metmuseum.org/CRDImages/eg/original/LC-35_3_7_EGDP025793.jpg,https://images.metmuseum.org/CRDImages/eg/web-large/LC-35_3_7_EGDP025793.jpg
-945,-945,Cult Image of the God Ptah,https://images.metmuseum.org/CRDImages/eg/original/DP142956.jpg,https://images.metmuseum.org/CRDImages/eg/web-large/DP142956.jpg
-1358,-1348,Jewelry Elements for a Broad Collar,https://images.metmuseum.org/CRDImages/eg/original/31.114.2a_EGDP019328.jpg,https://images.metmuseum.org/CRDImages/eg/web-large/31.114.2a_EGDP019328.jpg
-1550,-1550,Three Knuckle bone Gaming Pieces,https://images.metmuseum.org/CRDImages/eg/original/DP-16191-003.jpg,https://images.metmuseum.org/CRDImages/eg/web-large/DP-16191-003.jpg
-1550,-1275,Tit (Isis knot) amulet,https://images.metmuseum.org/CRDImages/eg/original/DP109370.jpg,https://images.metmuseum.org/CRDImages/eg/web-large/DP109370.jpg
-664,-664,Anubis Amulet,https://images.metmuseum.org/CRDImages/eg/original/DP109371.jpg,https://images.metmuseum.org/CRDImages/eg/web-large/DP109371.jpg
-1279,-1213,Jubilee Relief of Ramesses II,https://images.metmuseum.org/CRDImages/eg/original/eg05.4.256.jpg,https://images.metmuseum.org/CRDImages/eg/web-large/eg05.4.256.jpg
-1279,-1213,Situla with floral decoration,https://images.metmuseum.org/CRDImages/eg/original/DP109404.jpg,https://images.metmuseum.org/CRDImages/eg/web-large/DP109404.jpg
-595,-526,Sarcophagus of Harkhebit,https://images.metmuseum.org/CRDImages/eg/original/07.229.1a-b_EGDP011797.jpg,https://images.metmuseum.org/CRDImages/eg/web-large/07.229.1a-b_EGDP011797.jpg
-2010,-2000,Relief of Nebhepetre Mentuhotep II and the Goddess Hathor,https://images.metmuseum.org/CRDImages/eg/original/DP322047.jpg,https://images.metmuseum.org/CRDImages/eg/web-large/DP322047.jpg
-100,300,Spherical jar with four rows of painted decoration,https://images.metmuseum.org/CRDImages/eg/original/08.202.47_EGDP010344.jpg,https://images.metmuseum.org/CRDImages/eg/web-large/08.202.47_EGDP010344.jpg
-1981,-1640,Snake-head Amulet,https://images.metmuseum.org/CRDImages/eg/original/DP109374.jpg,https://images.metmuseum.org/CRDImages/eg/web-large/DP109374.jpg
-664,-30,Aegis of Sakhmet or Bastet,https://images.metmuseum.org/CRDImages/eg/original/DP109376.jpg,https://images.metmuseum.org/CRDImages/eg/web-large/DP109376.jpg
-1279,-1213,Long-necked jar,https://images.metmuseum.org/CRDImages/eg/original/DP109403.jpg,https://images.metmuseum.org/CRDImages/eg/web-large/DP109403.jpg
-1981,-1981,Hippopotamus-head amulet,https://images.metmuseum.org/CRDImages/eg/original/DP109377.jpg,https://images.metmuseum.org/CRDImages/eg/web-large/DP109377.jpg
-1353,-1353,Shabti of Akhenaten,https://images.metmuseum.org/CRDImages/eg/original/DT11688.jpg,https://images.metmuseum.org/CRDImages/eg/web-large/DT11688.jpg
-285,-246,Seated Osiris-Anedjty,https://images.metmuseum.org/CRDImages/eg/original/12.182.4a_01.jpg,https://images.metmuseum.org/CRDImages/eg/web-large/12.182.4a_01.jpg
-2575,-2450,Recumbent Lion,https://images.metmuseum.org/CRDImages/eg/original/DT2860.jpg,https://images.metmuseum.org/CRDImages/eg/web-large/DT2860.jpg
-1336,-1336,Fragmentary Seal Impression from Tutankhamun's Embalming Cache,https://images.metmuseum.org/CRDImages/eg/original/DP225304.jpg,https://images.metmuseum.org/CRDImages/eg/web-large/DP225304.jpg
-400,-200,"Relief panel showing two baboons offering the wedjat eye to the sun god Khepri, who holds the Underworld sign",https://images.metmuseum.org/CRDImages/eg/original/DP241031.jpg,https://images.metmuseum.org/CRDImages/eg/web-large/DP241031.jpg
-664,-664,"Lentoid Bottle (""New Year's Bottle"") inscribed for the God's Father Amenhotep, son of the God's Father Iufaa",https://images.metmuseum.org/CRDImages/eg/original/DP-12500-007.jpg,https://images.metmuseum.org/CRDImages/eg/web-large/DP-12500-007.jpg
-664,-664,Papyrus column amulet,https://images.metmuseum.org/CRDImages/eg/original/DP276306.jpg,https://images.metmuseum.org/CRDImages/eg/web-large/DP276306.jpg
-1550,-1070,Heart Scarab with a Human Head,https://images.metmuseum.org/CRDImages/eg/original/30.8.1080_EGDP019018.jpg,https://images.metmuseum.org/CRDImages/eg/web-large/30.8.1080_EGDP019018.jpg
-30,364,Die,https://images.metmuseum.org/CRDImages/eg/original/10.130.1155_001.jpg,https://images.metmuseum.org/CRDImages/eg/web-large/10.130.1155_001.jpg
-30,364,Die,https://images.metmuseum.org/CRDImages/eg/original/10.130.1156_001.jpg,https://images.metmuseum.org/CRDImages/eg/web-large/10.130.1156_001.jpg
-600,-300,"Osiris inscribed for Harkhebit, son of Padikhonsu and Isetempermes",https://images.metmuseum.org/CRDImages/eg/original/DP245144.jpg,https://images.metmuseum.org/CRDImages/eg/web-large/DP245144.jpg
-400,-300,Bowl with flutes from shoulder to rosette at base and with inscribed weight,https://images.metmuseum.org/CRDImages/eg/original/DP239395.jpg,https://images.metmuseum.org/CRDImages/eg/web-large/DP239395.jpg
-332,-150,Dancing dwarf,https://images.metmuseum.org/CRDImages/eg/original/DP239657.jpg,https://images.metmuseum.org/CRDImages/eg/web-large/DP239657.jpg
-332,-30,Man squatting with head resting on his hands on his knees,https://images.metmuseum.org/CRDImages/eg/original/DP239414.jpg,https://images.metmuseum.org/CRDImages/eg/web-large/DP239414.jpg
-300,-150,Tutu,https://images.metmuseum.org/CRDImages/eg/original/DP243467.jpg,https://images.metmuseum.org/CRDImages/eg/web-large/DP243467.jpg
-332,-30,Strap chain with one decorated terminal preserved,https://images.metmuseum.org/CRDImages/eg/original/DP245502.jpg,https://images.metmuseum.org/CRDImages/eg/web-large/DP245502.jpg
-210,-204,"Plaque with Greek dedication to Isis, Serapis and Apollo by Komon for the benefit of Ptolemy IV and V",https://images.metmuseum.org/CRDImages/eg/original/89.2.652q.jpg,https://images.metmuseum.org/CRDImages/eg/web-large/89.2.652q.jpg
-400,-300,Statue of a seated baboon,https://images.metmuseum.org/CRDImages/eg/original/DP240268.jpg,https://images.metmuseum.org/CRDImages/eg/web-large/DP240268.jpg
-400,-400,Relief plaque of cobra on a neb basket,https://images.metmuseum.org/CRDImages/eg/original/DP236813.jpg,https://images.metmuseum.org/CRDImages/eg/web-large/DP236813.jpg
-100,100,"Inlay, satyr",https://images.metmuseum.org/CRDImages/eg/original/LC-30_8_183_EGDP023252.jpg,https://images.metmuseum.org/CRDImages/eg/web-large/LC-30_8_183_EGDP023252.jpg
-1336,-1336,Papyrus Lid,https://images.metmuseum.org/CRDImages/eg/original/VS09.184.250C.JPG,https://images.metmuseum.org/CRDImages/eg/web-large/VS09.184.250C.JPG
-1336,-1336,Seal Impression Attatched to a Fiber Tie from Tutankhamun's Embalming Cache,https://images.metmuseum.org/CRDImages/eg/original/DP225309.jpg,https://images.metmuseum.org/CRDImages/eg/web-large/DP225309.jpg
-1390,-1390,Pair of Sandals from the Tomb of Yuya and Tjuyu,https://images.metmuseum.org/CRDImages/eg/original/10.184.1a-b_EGDP014939.jpg,https://images.metmuseum.org/CRDImages/eg/web-large/10.184.1a-b_EGDP014939.jpg
-280,-280,Harnefer son of Paheb (Phibis) and Takerheb (Kalibis),https://images.metmuseum.org/CRDImages/eg/original/DP244256.jpg,https://images.metmuseum.org/CRDImages/eg/web-large/DP244256.jpg
-332,-200,"Book of the Dead of the Priest of Horus, Imhotep (Imuthes)",https://images.metmuseum.org/CRDImages/eg/original/2-35.9.20a-w_EGDP014589-4594.jpg,https://images.metmuseum.org/CRDImages/eg/web-large/2-35.9.20a-w_EGDP014589-4594.jpg
-246,-221,Fragment of a Vase Depicting Berenike II,https://images.metmuseum.org/CRDImages/eg/original/DP245506.jpg,https://images.metmuseum.org/CRDImages/eg/web-large/DP245506.jpg
-1070,-1070,Reconstructed lotiform chalice,https://images.metmuseum.org/CRDImages/eg/original/DP325053.jpg,https://images.metmuseum.org/CRDImages/eg/web-large/DP325053.jpg
-1186,-600,Sistrum of the Chantress Tapenu,https://images.metmuseum.org/CRDImages/eg/original/68.44_EGDP019206.jpg,https://images.metmuseum.org/CRDImages/eg/web-large/68.44_EGDP019206.jpg
-664,-610,"Naophorous Block Statue of a Governor of Sais, Psamtikseneb",https://images.metmuseum.org/CRDImages/eg/original/DT11707.jpg,https://images.metmuseum.org/CRDImages/eg/web-large/DT11707.jpg
-1070,-1070,Isis nursing Horus in the marshes depicted on a fragment from a box lid or menat counterpoise,https://images.metmuseum.org/CRDImages/eg/original/30.8.239_EGDP015264.jpg,https://images.metmuseum.org/CRDImages/eg/web-large/30.8.239_EGDP015264.jpg
-1070,-1070,Spacer with Hathor head,https://images.metmuseum.org/CRDImages/eg/original/26.7.1030_EGDP013422.jpg,https://images.metmuseum.org/CRDImages/eg/web-large/26.7.1030_EGDP013422.jpg
-332,-30,"Offering Table of Tjaenhesret, priest of Thoth, son of Iaa",https://images.metmuseum.org/CRDImages/eg/original/DP244251.jpg,https://images.metmuseum.org/CRDImages/eg/web-large/DP244251.jpg
-1070,-1070,Statuette of Wadjet in the name of Akanosh son of Pediamenopet,https://images.metmuseum.org/CRDImages/eg/original/35.9.2_EGDP015550.jpg,https://images.metmuseum.org/CRDImages/eg/web-large/35.9.2_EGDP015550.jpg
-924,-924,Donation Stela of Osorkon I dated to year 6,https://images.metmuseum.org/CRDImages/eg/original/DP-12500-003.jpg,https://images.metmuseum.org/CRDImages/eg/web-large/DP-12500-003.jpg
-825,-825,Stela of Tjanetiset,https://images.metmuseum.org/CRDImages/eg/original/22.3.33_EGDP013581.jpg,https://images.metmuseum.org/CRDImages/eg/web-large/22.3.33_EGDP013581.jpg
-1336,-1327,Cylindrical bag of sawdust from Tutankhamun's Embalming Cache,https://images.metmuseum.org/CRDImages/eg/original/DP225334.jpg,https://images.metmuseum.org/CRDImages/eg/web-large/DP225334.jpg
-1352,-1336,Hands offering Aten cartouches (upper part of cartouches are a cast of British Museum EA 58471),https://images.metmuseum.org/CRDImages/eg/original/DP274293.jpg,https://images.metmuseum.org/CRDImages/eg/web-large/DP274293.jpg
-1550,-1295,Seal Amulet in the Shape of a Hippopotamus,https://images.metmuseum.org/CRDImages/eg/original/LC-10_130_771_EGDP026572.jpg,https://images.metmuseum.org/CRDImages/eg/web-large/LC-10_130_771_EGDP026572.jpg
-712,-663,"Stela with man offering to Re-Harakhty, unfinished",https://images.metmuseum.org/CRDImages/eg/original/DP-12500-005.jpg,https://images.metmuseum.org/CRDImages/eg/web-large/DP-12500-005.jpg
-1635,-1458,Game Box for Playing Senet and Twenty Squares,https://images.metmuseum.org/CRDImages/eg/original/DP160290.jpg,https://images.metmuseum.org/CRDImages/eg/web-large/DP160290.jpg
-630,-630,"Relief-decorated Lentoid Bottle (""New Year's Bottle""); Horus falcon in marshes on one side; cow goddess in marshes on the other",https://images.metmuseum.org/CRDImages/eg/original/DP219657.jpg,https://images.metmuseum.org/CRDImages/eg/web-large/DP219657.jpg
-1294,-1250,Stelophorous Statue of Bay,https://images.metmuseum.org/CRDImages/eg/original/DP231293.jpg,https://images.metmuseum.org/CRDImages/eg/web-large/DP231293.jpg
-1390,-1390,Taweret amulet with double head,https://images.metmuseum.org/CRDImages/eg/original/21.6.73_EGDP019330.jpg,https://images.metmuseum.org/CRDImages/eg/web-large/21.6.73_EGDP019330.jpg
-1887,-1425,Cylindrical pendant,https://images.metmuseum.org/CRDImages/eg/original/LC-22_1_61_EGDP024754.jpg,https://images.metmuseum.org/CRDImages/eg/web-large/LC-22_1_61_EGDP024754.jpg
-1850,-1640,Ring with Uninscribed Scarab,https://images.metmuseum.org/CRDImages/eg/original/15.3.205_EGDP015425.jpg,https://images.metmuseum.org/CRDImages/eg/web-large/15.3.205_EGDP015425.jpg
-1887,-1840,Stela of Seankhptah,https://images.metmuseum.org/CRDImages/eg/original/LC-05_4_259_EGDP025777.jpg,https://images.metmuseum.org/CRDImages/eg/web-large/LC-05_4_259_EGDP025777.jpg
-1390,-1352,"Amenhotep III and his Mother, Mutemwia, in a Kiosk",https://images.metmuseum.org/CRDImages/eg/original/DP324294.jpg,https://images.metmuseum.org/CRDImages/eg/web-large/DP324294.jpg
-1353,-1336,Two Princesses,https://images.metmuseum.org/CRDImages/eg/original/DT11686.jpg,https://images.metmuseum.org/CRDImages/eg/web-large/DT11686.jpg
-1981,-1802,"Mummy of Ukhhotep, son of Hedjpu",https://images.metmuseum.org/CRDImages/eg/original/12.182.132a-c_0032.jpg,https://images.metmuseum.org/CRDImages/eg/web-large/12.182.132a-c_0032.jpg
-1427,-1400,Papyrus Marsh,https://images.metmuseum.org/CRDImages/eg/original/30.4.60_EGDP019716.jpg,https://images.metmuseum.org/CRDImages/eg/web-large/30.4.60_EGDP019716.jpg
-1473,-1458,Scarab,https://images.metmuseum.org/CRDImages/eg/original/23.3.244_EGDP010918.jpg,https://images.metmuseum.org/CRDImages/eg/web-large/23.3.244_EGDP010918.jpg
-1850,-1775,Amulet of Anubis on his Shrine,https://images.metmuseum.org/CRDImages/eg/original/LC-04_18_9_EGDP028100.jpg,https://images.metmuseum.org/CRDImages/eg/web-large/LC-04_18_9_EGDP028100.jpg
-1336,-1336,Fragmentary Impression of the Necropolis Seal from Tutankhamun's Embalming Cache,https://images.metmuseum.org/CRDImages/eg/original/DP225308.jpg,https://images.metmuseum.org/CRDImages/eg/web-large/DP225308.jpg
-1258,-1258,Hieratic Ostracon Dated to Year 21 of Ramesses II,https://images.metmuseum.org/CRDImages/eg/original/LC-09_184_183_EGDP025594.jpg,https://images.metmuseum.org/CRDImages/eg/web-large/LC-09_184_183_EGDP025594.jpg
-1400,-1400,Throw Stick,https://images.metmuseum.org/CRDImages/eg/original/LC-19_2_24_EGDP035185.jpg,https://images.metmuseum.org/CRDImages/eg/web-large/LC-19_2_24_EGDP035185.jpg
-2030,-1640,Small Hounds & Jackals Game Board,https://images.metmuseum.org/CRDImages/eg/original/DP261724.jpg,https://images.metmuseum.org/CRDImages/eg/web-large/DP261724.jpg
-1550,-1550,Statuette of Taweret,https://images.metmuseum.org/CRDImages/eg/original/DT11864.jpg,https://images.metmuseum.org/CRDImages/eg/web-large/DT11864.jpg
-1353,-1353,Fragmentary Statuette of a Vizier,https://images.metmuseum.org/CRDImages/eg/original/DP161796.jpg,https://images.metmuseum.org/CRDImages/eg/web-large/DP161796.jpg
-975,-975,Book of the Dead Papyrus of Tiye,,
-200,-30,"Mummy of Nesmin with plant wreath, mask, and other cartonnage elements",,
-1295,-1294,Relief from the North Wall of a Chapel of Ramesses I,https://images.metmuseum.org/CRDImages/eg/original/DT277011.jpg,https://images.metmuseum.org/CRDImages/eg/web-large/DT277011.jpg
-1353,-1336,Mold for Cornflower Pendant,https://images.metmuseum.org/CRDImages/eg/original/DP261906.jpg,https://images.metmuseum.org/CRDImages/eg/web-large/DP261906.jpg
-1353,-1353,Tile with persea fruit and leaves,https://images.metmuseum.org/CRDImages/eg/original/DP274287.jpg,https://images.metmuseum.org/CRDImages/eg/web-large/DP274287.jpg
-664,-30,Water Clock Decorated with a Baboon,https://images.metmuseum.org/CRDImages/eg/original/LC-17_194_2341_EGDP023756.jpg,https://images.metmuseum.org/CRDImages/eg/web-large/LC-17_194_2341_EGDP023756.jpg
-225,-100,Large storage jar with floral decoration,https://images.metmuseum.org/CRDImages/eg/original/DP241481.jpg,https://images.metmuseum.org/CRDImages/eg/web-large/DP241481.jpg
-306,-30,Shadow Clock,https://images.metmuseum.org/CRDImages/eg/original/DP-12500-009.jpg,https://images.metmuseum.org/CRDImages/eg/web-large/DP-12500-009.jpg
-300,-300,"God's Wife Tagerem, daughter of the priest Imhotep",https://images.metmuseum.org/CRDImages/eg/original/DP224656.jpg,https://images.metmuseum.org/CRDImages/eg/web-large/DP224656.jpg
-712,-712,"Kushite king, subsequently modified",https://images.metmuseum.org/CRDImages/eg/original/DP236108.jpg,https://images.metmuseum.org/CRDImages/eg/web-large/DP236108.jpg
-664,-525,Barque Sphinx,https://images.metmuseum.org/CRDImages/eg/original/DP247004.jpg,https://images.metmuseum.org/CRDImages/eg/web-large/DP247004.jpg
-1353,-1336,Talatat with Offerings in the Temple,https://images.metmuseum.org/CRDImages/eg/original/LC-21_9_8_EGDP036528.jpg,https://images.metmuseum.org/CRDImages/eg/web-large/LC-21_9_8_EGDP036528.jpg
-1353,-1353,Relief fragment with large scale vine and inscription referring to daughters of Akhenaten,https://images.metmuseum.org/CRDImages/eg/original/21.9.9_EGDP012939.jpg,https://images.metmuseum.org/CRDImages/eg/web-large/21.9.9_EGDP012939.jpg
-332,-30,Statuette of Anubis,https://images.metmuseum.org/CRDImages/eg/original/38.5_EGDP022863.jpg,https://images.metmuseum.org/CRDImages/eg/web-large/38.5_EGDP022863.jpg
-2289,-2246,Two Vases in the Shape of a Mother Monkey with her Young,https://images.metmuseum.org/CRDImages/eg/original/eg30.8.134_1992.338.jpg,https://images.metmuseum.org/CRDImages/eg/web-large/eg30.8.134_1992.338.jpg
-1000,-945,Coffin Set of the Chantress of Amun-Re Henettawy,https://images.metmuseum.org/CRDImages/eg/original/25.3.182-184-group_EGDP011812.jpg,https://images.metmuseum.org/CRDImages/eg/web-large/25.3.182-184-group_EGDP011812.jpg
-1279,-1213,Shabti box and shabtis of members of the Sennedjem family,https://images.metmuseum.org/CRDImages/eg/original/DT202025.jpg,https://images.metmuseum.org/CRDImages/eg/web-large/DT202025.jpg
-1887,-1750,A jewelry element in the form of an inlaid bee,,
-1887,-1750,Jewelry element representing a falcon wearing a double crown,,
-1887,-1750,Cartouche with prenomen of Senwosret II,,
-3850,-2300,Marble,https://images.metmuseum.org/CRDImages/eg/original/LC-10_130_1194b_e_EGDP027770.jpg,https://images.metmuseum.org/CRDImages/eg/web-large/LC-10_130_1194b_e_EGDP027770.jpg
-125,-75,King's Head with Egyptian Headdress but Greek Hair and Features,https://images.metmuseum.org/CRDImages/eg/original/DP246577.jpg,https://images.metmuseum.org/CRDImages/eg/web-large/DP246577.jpg
-1336,-1327,Bag of Natron from Tutankhamun's Embalming Cache,https://images.metmuseum.org/CRDImages/eg/original/DP225335.jpg,https://images.metmuseum.org/CRDImages/eg/web-large/DP225335.jpg
-700,-700,"Head of a goddess, probably Mut, for attachment to a processional barque (?)",https://images.metmuseum.org/CRDImages/eg/original/DP206149.jpg,https://images.metmuseum.org/CRDImages/eg/web-large/DP206149.jpg
-1070,-1070,Statue of the God Ptah,https://images.metmuseum.org/CRDImages/eg/original/DP216330.jpg,https://images.metmuseum.org/CRDImages/eg/web-large/DP216330.jpg
-1550,-1550,Heart amulets,https://images.metmuseum.org/CRDImages/eg/original/DP109375.jpg,https://images.metmuseum.org/CRDImages/eg/web-large/DP109375.jpg
-1981,-1981,Scarabs,https://images.metmuseum.org/CRDImages/eg/original/DP109379.jpg,https://images.metmuseum.org/CRDImages/eg/web-large/DP109379.jpg
-1550,-1550,Gable-topped chest and linens,https://images.metmuseum.org/CRDImages/eg/original/DT2907.jpg,https://images.metmuseum.org/CRDImages/eg/web-large/DT2907.jpg
-1473,-1458,Basket and toilet articles,https://images.metmuseum.org/CRDImages/eg/original/DT2906.jpg,https://images.metmuseum.org/CRDImages/eg/web-large/DT2906.jpg
-1492,-1473,Razor and mirror,https://images.metmuseum.org/CRDImages/eg/original/DT232036.jpg,https://images.metmuseum.org/CRDImages/eg/web-large/DT232036.jpg
-1981,-1981,Rings and necklace,https://images.metmuseum.org/CRDImages/eg/original/DT11816.jpg,https://images.metmuseum.org/CRDImages/eg/web-large/DT11816.jpg
-945,-664,Bes-image Rattle,https://images.metmuseum.org/CRDImages/eg/original/DP345148.jpg,https://images.metmuseum.org/CRDImages/eg/web-large/DP345148.jpg
-1279,-1279,Khonsu's anthropoid coffins,https://images.metmuseum.org/CRDImages/eg/original/DT202026.jpg,https://images.metmuseum.org/CRDImages/eg/web-large/DT202026.jpg
-1279,-1213,Vignette on Khonsu's inner coffin lid,https://images.metmuseum.org/CRDImages/eg/original/EG180.jpg,https://images.metmuseum.org/CRDImages/eg/web-large/EG180.jpg
-2465,-2465,Hand and Foot Amulets,https://images.metmuseum.org/CRDImages/eg/original/DP109378.jpg,https://images.metmuseum.org/CRDImages/eg/web-large/DP109378.jpg
